StudentID,Course,Attendance_Rate,Assignment_Submission_Rate,Prior_GPA,Study_Hours_Per_Week,Participation_Score,Midterm_Score,Final_Score,Final_GPA
1001,Economics,64.72244460347929,47.013882442501846,3.5930745819523526,29.088955915366626,8,61.61403512802568,84.32338904359398,2.7203848205333254
1002,Biology,69.25488643009626,96.3899274168085,2.9630447030251004,14.684084240775688,8,56.22359718307153,40.824733240680715,3.5141650102508515
1003,English,92.55683357584284,77.66248318428507,2.234616377924789,5.545434858975197,3,90.56271412963329,54.90257562218801,3.5154687142296415
1004,Economics,65.84610025781389,60.09433687942517,2.2503715844051007,15.854065591979367,2,58.80087505510859,52.864388979589876,2.508420106476941
1005,Chemistry,58.474637334304624,48.35632435980324,3.3711305744579425,48.91431897095242,0,87.33594830656043,56.248379682218356,2.1486169761102
1006,Computer Science,77.84006312291751,87.64151135621776,2.8606117897989254,41.06917003473453,1,93.51232868864409,54.85358621679318,3.6406555232783755
1007,English,96.80773870803904,77.20436535571082,2.4010494534006734,48.1809489944465,7,66.02904517459177,43.751577744570746,3.826386396666707
1008,English,84.80148983374865,72.0076655185793,2.9831890934828738,26.95343197668631,0,94.59658863126353,67.53643099580921,3.425663786522692
1009,Economics,78.50305850446824,93.63355498305745,2.1284178741502684,9.938128940487658,7,62.63908323779157,83.9640084871699,3.3325474117579676
1010,Physics,54.85882468853843,87.31583267347185,3.163942803828798,29.65817700381618,6,97.8447049894065,76.40390348304618,2.7932070578868973
1011,Chemistry,80.75036133495848,49.100492783965066,2.5379868088701953,25.44698005519824,7,45.35737147153438,80.37230011588478,2.8336215230933566
1012,Economics,99.50269250521316,58.70332406773289,3.595118201274376,42.99606872328272,5,81.22115599019457,44.86895071217435,4.0
1013,Chemistry,57.0042007618262,54.90934838886794,2.6207239178471475,9.413716135291008,8,69.62884242741572,97.08944261060724,2.079326726178582
1014,Chemistry,75.91648261818683,84.63677755436062,2.9104402981636026,26.97085116598002,2,63.25892832733882,90.30951003058149,3.503384987932689
1015,Computer Science,93.86865359639776,42.011946084146764,2.0232410798162013,11.75218991122929,9,77.96271272491606,88.30541910973976,2.5403103503423505
1016,English,87.03843088771022,74.193381092279,2.144893775589118,19.610416710052696,3,82.23142549805988,89.37902830250604,3.2431282347065147
1017,Biology,84.8507870497634,85.74752114444144,2.7849871128133694,38.18106848245098,5,40.261796179018546,95.96263048796568,3.6855308401978375
1018,Computer Science,85.12420419935546,92.60593820570497,2.9598776694342472,26.420815821594495,7,50.01718532483192,72.65523796682186,3.752883922606991
1019,Computer Science,67.97455756098776,60.52490492295445,3.2000410962386074,21.91497283155962,4,82.78276303805913,52.016921072057556,2.6550878735712455
1020,Chemistry,64.67959221322467,89.27543828032077,2.5833251574186065,22.75143253565159,2,79.98312481469239,77.00701647115247,2.988281483255418
1021,History,90.46805777392568,46.63790421731243,3.3899637722530853,25.675104578269398,5,97.96285030772063,84.57288962007634,3.2994665274246486
1022,English,90.50566973395904,90.7871375040711,3.7202447943784094,40.32574447266756,3,85.66226741504698,84.27504360124152,3.971900647239044
1023,Physics,93.35361592900519,47.649319739918944,3.5597019777866996,45.14381100231055,8,97.04636246388029,71.2869414500128,3.0790122647447222
1024,Computer Science,95.66202762782356,63.837237433622036,2.0792376506967143,47.99006089267677,2,82.15243009208842,44.10752316001468,3.046007139071056
1025,Biology,75.56711994304689,87.83772194677321,2.961013894515658,40.410652381488276,3,57.883132518366594,62.26677630580767,3.4127054294784904
1026,History,75.07581473435998,48.99504564092643,2.2098603568363497,19.19331030866057,6,46.32189533505139,95.24599650780144,2.5487930850528744
1027,History,89.91475894833876,53.75508371395849,2.4840900317250547,35.966061773894396,6,86.90943180069613,75.06693458544555,2.6967574003997083
1028,Physics,82.49819653888827,83.33515410358397,3.973325186534293,24.692140582492637,3,78.64895328855496,72.29991659534281,3.853768601839385
1029,Computer Science,85.09834386288517,83.20219219276447,2.2849910858030267,16.460177992072303,5,42.89116074359777,56.13121086293161,3.4166805273521534
1030,Biology,89.78963347180505,78.46885797311784,2.997776306902712,42.83922107416652,2,61.6030279540587,62.10693519499473,3.9659084843751224
1031,English,94.50026709087831,81.636906668026,3.236311468636238,6.7291857033046245,5,97.40798892905717,93.72076534919016,3.9422467282430707
1032,Mathematics,66.89975784257679,72.56346660085578,3.404929941088208,45.57928964609406,1,70.02406874261207,79.98778285161015,3.12460859552055
1033,Biology,68.7791476319972,55.10794353441717,3.119297366973828,25.766485908113037,7,65.96374816118228,87.24322160513998,2.7077340386248165
1034,Physics,54.69909699204345,60.741759610235164,2.0195416948383675,33.674066456372614,1,67.46197630955764,67.2607253840593,1.72148507587657
1035,History,78.9140070498087,50.89586300808554,2.6529226164879836,34.67092649926022,10,52.53296344030982,77.81483316736947,2.88374176263623
1036,English,51.797113689837104,94.5070336800177,3.035423286769423,45.280298331794135,6,62.122430251887714,54.90301652459245,2.971658199749382
1037,Biology,73.27990090662301,75.00350768596724,2.175732998289667,33.650135697524334,8,62.188795359230596,82.32764981700917,3.0152788067487686
1038,Mathematics,77.13223173537884,64.0510850058184,2.7012538624183615,32.627011314202775,0,43.14130121124835,65.65608002220024,3.5828505133013584
1039,Mathematics,64.32706260641422,67.72034821864796,2.066406217582733,7.999341825231048,7,86.0540577110751,66.55273088888474,2.17519047562656
1040,Chemistry,79.54166302845053,96.83700037670891,2.1571569943100415,28.328360987534182,6,64.99026591423274,78.9593394746129,3.8217188648297844
1041,Chemistry,51.52501249695247,49.20108418696481,2.793846552403192,11.757605036766876,5,89.3307932089854,96.1768372881356,1.9028719964204532
1042,Economics,51.86740943746072,75.17378992100782,2.2654315080861207,38.18451959246685,5,91.02088006719373,43.84038079651725,2.363027281459239
1043,Physics,91.13002803298292,70.35332073306796,3.135081696523116,28.04998643657035,5,52.71964328191949,89.48459424082046,3.669510299278502
1044,Computer Science,68.00953207056314,76.68725412607887,3.3789299382745313,35.6102500643759,8,79.44120893020772,57.54298662473158,3.1123809533983304
1045,Biology,56.35302563259424,41.08661102925043,3.6011733982181657,6.875280527107292,1,68.3369082497789,66.63516727038267,2.0871434588651487
1046,Biology,76.11216300274022,92.3274345366491,2.40030048848962,8.815640722061145,0,92.8094042752891,41.31479972650054,3.490947639149083
1047,Computer Science,88.49967765493054,95.92709694901674,2.3349651645181395,37.2345524628207,5,52.94444075058725,58.06276467005878,3.642518837597786
1048,Economics,60.791051374842155,73.90799101535254,2.2091356806688003,8.243795119940302,9,80.66879201860266,70.15787455780783,2.6607651916059636
1049,History,81.14452379095002,81.79904943261354,3.2728604990872734,8.206552749436637,10,76.46512733516334,43.37056464084634,3.5829957243840025
1050,History,54.2673732496884,95.34996287063774,3.412951452973802,5.544881385569935,7,57.718088654309966,69.46574376298992,2.9756395391805674
1051,Economics,52.58408605843039,82.43431805880391,2.063172289651284,48.0425629234766,2,48.196054219070355,95.62663773150564,2.3593428661245204
1052,History,76.5677315784074,49.15234257485568,3.8724244924873794,38.18787617565531,9,79.09838562863659,46.323593086468314,3.218681319732981
1053,Chemistry,77.03175608050532,74.57730161000879,2.103942567302945,20.896313382592886,0,84.31584748793983,85.86644368453025,2.942321183165214
1054,Biology,81.87149507491033,76.40290278297135,3.082592670602141,18.344101157944486,8,58.937640625800995,64.58026320255956,3.5551991029728764
1055,Economics,86.30456668613309,65.44784027814316,3.418121038901833,20.73664533856323,0,78.68995624133882,79.31042287146028,3.4069144664812687
1056,Biology,98.79260397312673,84.18665413748337,3.741938247492171,39.85940890315318,2,63.7078544566902,55.614195879113765,4.0
1057,Computer Science,75.81501741505977,96.06202088614089,3.4281738642648554,34.76167749816865,7,82.79241299695707,49.5695357524815,3.9206038282421716
1058,Mathematics,66.1478236470623,95.53411077440657,3.6034561661395834,13.333800554036056,2,51.95291649364319,49.627756856273585,3.844039449814767
1059,Chemistry,89.75930973843518,67.05036228424792,2.678900385085612,12.834920090033796,3,93.41290015817046,44.22951673858868,3.4042990832072824
1060,English,63.54161256310371,46.79428275044532,3.6296502274930242,9.42780423710288,7,57.244575787934785,51.13880229407458,2.61451300342826
1061,Chemistry,71.9485710352818,99.09047193774008,2.1602296927693505,34.71362238656022,0,62.06715926536917,79.8531630993381,3.393670473636051
1062,Economics,53.922819067113295,90.33388518675605,3.7896333121210555,39.39676979997812,5,43.48551712482099,92.90143671061048,3.341712336656628
1063,English,51.267537170772876,47.47976087219601,3.0951847523074725,16.92708927462518,0,46.690732739276584,88.84754113546971,1.8865983579821828
1064,Mathematics,98.13242073389625,95.25051295704233,3.6345955399249874,5.942523246391077,0,70.95171416273969,81.10805859246904,4.0
1065,Economics,91.79900602561028,92.1937817237277,2.9046365690366,8.69772503643923,7,56.05556060367829,46.62591180466616,3.9707954055824977
1066,Physics,84.7987103046849,71.13028342756432,3.2871553903930497,48.55370156802637,10,90.12881354453165,57.35124677775699,3.536153168196112
1067,Biology,70.44764722071349,75.47652614469575,3.0528053218722264,18.295014986483913,3,40.88160331929723,58.58841251934814,3.1409863263283198
1068,Mathematics,58.66471600354229,63.94016223220781,3.4631790435106637,39.615041652716016,0,62.74564292031617,54.997416783857275,2.6991097528553785
1069,Biology,57.8218521335543,43.28569832932188,2.1632599640611794,33.10986059844187,9,60.24073280614556,70.90033958258338,1.8102515042173064
1070,History,62.512144908229764,60.11183449875406,2.1207041679811276,22.187283784380316,6,41.15965785505606,72.13322889278035,2.328138133740658
1071,Physics,77.46133323530603,88.17120691588069,2.494206468020293,14.25592679879998,4,47.462103940030616,61.41315851026661,3.6638125637571646
1072,Physics,85.72979613500311,40.27792138027617,2.3190893602263767,10.46238881717329,4,64.81856049511812,61.22734952418616,2.808603825359255
1073,Mathematics,83.00986883588656,60.00995030146865,3.7435671331844036,32.675583561748994,0,69.5718750668468,89.71333587436487,3.535663906890379
1074,Physics,63.99669484729714,63.8901216154566,2.4384279747160886,39.85852012870046,9,64.25738483529214,87.35757089918113,2.444559643398232
1075,English,97.7432640331597,72.24373617627538,3.951730511638263,33.97569140935088,10,71.85626070472563,58.46774990084474,3.8666138757657516
1076,Physics,86.89484583478843,95.19133698476563,2.6737915835422137,28.863595996212123,5,75.70790049434089,94.82730663239556,4.0
1077,Biology,77.71770262557004,60.780759661957674,2.364235831377399,6.887805054423632,8,40.59542926767014,97.16890102015037,2.9755687154636505
1078,Biology,80.5860373117176,60.81719211377366,3.5793970142849583,48.58199499174727,8,67.84570956721024,59.60455252180245,3.519387672645525
1079,Economics,70.9800031213895,84.25007488658491,3.3174155510017522,40.94213862445586,7,97.8099544532553,61.26549692758329,3.3092550141674453
1080,Biology,62.386549475057876,67.13307645338843,2.996391432906278,18.176991651543414,4,71.14193680777292,70.33804920531753,2.6632263882140954
1081,Economics,67.79863393256308,53.47628937639892,3.1107271018752627,49.098664821148276,0,80.65253604753718,96.46724875202041,2.3754381578084405
1082,Biology,87.89230552321845,67.1463709679616,3.438403556544528,32.08467153363449,8,58.71183147501299,92.57916598853869,3.546173280137666
1083,English,50.719674431487796,48.45142122278799,2.4569094826625975,31.209019619326092,0,86.43948268916574,46.154077755015386,1.9543056925162476
1084,Computer Science,55.80363202534581,50.5832191903734,3.992667832113484,38.66329307432895,7,86.3752889125669,63.56384459628497,2.3952908214735698
1085,Economics,52.30013210108764,69.90206636436878,3.9495863242935663,41.52964046405619,4,71.27776285924834,73.20227138498632,2.8310362317332234
1086,Chemistry,52.03644011594851,65.13552697027288,3.3006513726938738,34.54153732991762,2,98.56082939675281,70.1879483530924,2.4066531516025442
1087,History,92.77302920055035,94.890754064086,2.3990849018582905,10.764308586479,10,47.533012885759206,51.63178407621356,4.0
1088,Mathematics,85.18289296900119,61.74363394699799,3.3604564848625826,20.222037769752426,6,41.01685989337486,91.52900627008928,3.218396410695918
1089,Biology,73.70869145436626,74.8353010166826,2.1443968179583517,46.76376381467224,6,86.20949270542576,80.61644697981023,2.9519883851501385
1090,Physics,54.89170803255007,77.93585727517183,2.0613050044116124,15.107702532973336,8,88.42933224189295,90.27450249110822,1.9570423527242373
1091,Computer Science,74.58079375584163,40.78566739530002,2.5153657770224274,21.7475160726881,6,47.21243374723458,91.52585676096834,2.363954284971273
1092,Biology,73.67358853902829,79.81224232100263,2.9252459134786326,24.44345973248882,10,55.93496997751636,84.90135121994439,3.0293375495876
1093,Physics,58.66009349550076,50.682158012185084,3.7365450108167613,24.77322453625035,2,41.05314180199773,66.35263607498304,2.657550072629807
1094,History,71.69258246189865,97.66421904816731,3.454338139532616,32.58228121225365,10,57.598516646833886,76.63280530092547,3.849477954433315
1095,History,69.92523671986868,48.91976366518678,3.485413042399962,47.43841269851184,0,86.38851243512029,49.62192436718459,2.7771623267772676
1096,History,80.79250490261083,64.87744742362142,2.8509866688961507,15.831172032462723,7,71.07763166275474,80.41872504849445,3.394916934830318
1097,Physics,81.75468254338219,45.12098008471863,2.691869985093926,10.467561933541312,2,60.88573559009728,50.75519534435685,2.6078244418793872
1098,Biology,52.265200488602225,99.81245511075684,2.742077525969205,13.88617204369718,7,62.30435769437982,81.63697543060941,3.233984881078553
1099,History,68.73063073132356,70.13170061987455,3.9752991274721157,44.911620509417126,7,40.08121754292809,53.775889645238124,3.3856311562845334
1100,English,81.29299578571182,75.72310103920262,2.080218382824965,34.06148656948427,4,57.98803165391415,47.0530780090132,3.1323265835766603
1101,Economics,75.15681292900439,44.02458864330565,3.734062992244897,17.865805515762204,0,78.78752449827583,49.91706940857745,3.012662698961172
1102,Physics,92.82449205941612,84.99762822395067,3.1573508171447866,41.717612253587774,9,98.45166662898143,40.11952811314421,3.834055973138255
1103,Physics,82.93468158094726,52.594335585735145,2.877230838379181,43.76164983635462,6,90.82364961903397,83.12437707121182,2.8686750877126617
1104,Biology,58.14672135407149,93.88325736644282,3.450515320830273,43.09314524106251,9,41.41569787873175,83.94406294350274,3.1533504958276506
1105,Physics,53.52843737002149,52.308378428920435,2.973337882849406,46.35169401377995,4,93.91363628049035,70.89600099479557,2.044132637590829
1106,Physics,82.12096391031578,51.441263239819996,3.746846476163321,16.350845907801272,7,86.99190479791756,49.68176806332302,3.048299993438908
1107,History,51.32556552708109,42.192980070885696,3.801403728022517,38.97688679358252,8,86.82256741425883,45.01326025064139,2.2862405261739878
1108,Biology,79.28877906367316,68.32401670659996,2.843441853746911,25.7242773773363,10,67.47974554021428,41.14773798623722,3.1494389554775872
1109,History,97.01151207124788,73.89046799575698,2.5536555944701034,42.88993488005277,6,63.88031757727017,49.944890617913245,3.803464375629565
1110,Economics,78.77370889379395,43.94251836570114,3.1847006571867245,37.7820804722726,6,58.174943729991554,93.45133209898881,2.6991170029016778
1111,Computer Science,69.4084963103261,86.53165700170064,3.8247266912333817,39.94013509248761,0,43.941691537261946,54.4922105021009,3.2780646747891633
1112,Economics,82.16441092211767,67.19733008488166,2.421324378011333,34.52728269564822,3,53.69412180962195,61.25627963303294,3.1659901420226966
1113,Computer Science,72.91264452457582,71.4634161596548,3.2459331671269656,12.984294626136808,1,54.79621809868148,46.32072906887999,2.8926235960239652
1114,History,77.28083946579675,66.44576481629369,3.263120440185041,29.526211350362225,1,69.0446241826121,53.34167828489022,3.205841316766777
1115,Economics,97.07324043882626,64.04578365251956,3.466226044830562,49.31013827860287,1,84.84666439580164,71.15347424681231,3.62428516507747
1116,Biology,69.30513189003871,73.57841987849307,2.2631353702545196,47.182462992370354,3,68.4285897038768,76.46516098573915,3.1142184226252865
1117,Mathematics,98.05952819119571,49.31441475584275,3.431649929364177,6.942818110865526,0,43.47066696682964,54.72113884997266,3.689113637496812
1118,History,95.26753209780318,50.91568782971627,3.818065041331282,12.416666707824671,3,97.46738805929223,43.46392955350703,3.6323806670074954
1119,Computer Science,59.78955673946482,91.70713726081104,2.359366217740484,10.927794805455285,1,96.56345914564673,63.46197214764392,3.111054578200598
1120,English,53.46806504375827,96.76692772801796,2.4750866498477553,37.6690959493383,4,87.1113725889045,54.05220225558005,2.7395610959589933
1121,Computer Science,55.038900068871335,62.398558976785175,3.942790188083279,41.800339843562526,2,99.47967409385323,53.17323539378812,2.7464408805738576
1122,English,50.91109128257749,56.244680388613226,2.3619539054189795,14.608011483980237,7,72.66893996801578,97.59176816280731,1.9688699827744112
1123,Physics,54.72214803779642,78.63997259434095,3.7087701867391583,27.763371182832305,3,97.76610101519236,76.97802915554345,2.9513350502897797
1124,Economics,84.15033867081785,64.52405026588579,2.9845557128960696,42.831636260504,0,44.53630243700505,73.41270659032575,3.4926645882026452
1125,English,53.55943242301145,41.52318133962069,2.4944621488063543,37.976069514481274,0,61.940844895682275,64.94650621139931,1.8726739181022634
1126,Computer Science,65.94878151468806,49.36915584197142,3.7414998025450226,29.40067424713317,9,53.52287608040595,65.73666000580866,2.716136509691766
1127,Physics,92.24376554847274,82.95833373084386,2.890610510005331,31.56564607064478,2,51.7499850480562,72.45430023028484,3.6419431463759806
1128,Mathematics,51.163596786791295,79.53543651460907,3.0296347078593806,27.876224611232598,8,48.44817693356056,81.78578842216643,2.472925295478425
1129,Biology,90.72342412944678,41.62575955020901,2.718466738799531,18.389680309346925,6,77.34481849395979,82.12876577090977,2.9414910223612214
1130,Biology,64.09273873867,53.318329715976965,3.185901702869855,30.425989678655725,1,86.8793113448383,50.30163446232697,2.5424368034362193
1131,Biology,55.90824138108281,53.86448779528428,2.3270477451700455,35.99983859225408,8,74.69790396522164,70.00676512459762,1.8625132658775003
1132,English,84.83685826820754,80.3135646159237,2.782163073303521,44.299531213736344,9,48.817762575292576,64.71748570204612,3.941254737038361
1133,Mathematics,81.4471423389942,41.18263226526185,3.938824644670575,33.63311092906616,1,88.66742619600825,92.23161797616305,3.265158167877133
1134,English,93.87360067635265,46.24651491907443,2.516266865402255,39.25046916694211,2,78.15728242982371,77.88513527310258,3.177824343357282
1135,Economics,86.75355219019428,87.99496512239136,3.3134733290825844,12.203223572955785,10,63.28994236761973,71.95024398495892,3.963398934561999
1136,English,90.17404651924244,50.71267972326002,2.65038012844939,25.770086348890544,9,80.44781773216377,46.923678530735046,3.0738237456460693
1137,Mathematics,64.10172862856533,79.16476647111247,3.5469462513732015,5.419922892219199,1,55.59429875456997,76.3382733594047,3.015245591164596
1138,Mathematics,58.87197718898614,54.29096686280359,2.2617473214366997,16.100548903473037,2,60.71153250965263,47.03223434081401,2.1224659030937048
1139,Economics,87.53073758204292,45.96648356556071,3.9396420901570894,37.69077718008522,5,95.04915058791941,60.232394533945126,3.357490882843034
1140,Mathematics,90.3417369633632,54.590331459967246,2.9075790827672785,49.631447810721355,8,57.43027034028522,48.57051788885991,3.0801427293600856
1141,Computer Science,99.52525710003366,83.33601591133956,2.472100926692928,9.463014481424715,8,68.19929608947619,81.52441882146213,4.0
1142,Mathematics,70.63088384557133,91.34178808637714,2.146993494660025,23.06724421375797,6,93.40846824376088,52.37512683016916,3.1556847452000483
1143,Biology,68.60090428963916,89.8131918740195,2.3395158101750813,41.00319359146218,2,82.46328101605164,63.51156239128156,2.8585178406465825
1144,Computer Science,88.82064803709984,63.83101177710729,3.039547897112035,14.181603558300448,3,43.73219356988216,93.74048665712672,3.3170737227230234
1145,Computer Science,67.0401770126509,80.08510819423877,2.6740063528625724,29.97882271860288,5,48.83818265673822,52.25898300393822,2.9403309840704535
1146,Economics,96.53786628017824,52.29905772494926,3.6577667317652187,37.988208321335364,10,40.470495446315006,70.46830383752675,3.917706557318083
1147,Chemistry,92.9206375921506,57.588863815660794,2.861775047323612,32.71934526170806,4,77.85530741374981,65.15629966996133,3.47468426085646
1148,Chemistry,71.44970136875092,93.78014911126718,2.49742854517526,13.461113057693726,1,66.8604055246251,41.08744246274378,3.1583029048031426
1149,Mathematics,87.54355338957487,40.780115410644164,3.2342899732080603,20.992305590858273,5,48.05649105413653,87.56548681436877,3.0749139181270664
1150,Computer Science,87.72714370423412,45.13051185126808,3.4135544337708916,40.27063030184287,2,97.47604726340623,44.142754378875985,2.917155338142309
1151,Chemistry,55.15619344179663,52.47317530876164,2.3340838158018995,29.94019313594075,7,71.7795834367372,68.45530125861721,2.1457410072732337
1152,Chemistry,95.12764533397834,41.59193223242918,2.3352384325766353,5.235332609431073,1,54.51359764677335,73.640697696337,2.906552591734044
1153,Mathematics,75.26261862239286,50.88612610538784,2.0733428538670857,39.244584201264225,0,70.03621426928245,77.70558739687522,2.4686556094459644
1154,Chemistry,91.32287330538708,74.98249365818154,3.472804030131281,6.589010972310758,8,80.77721996410646,81.31789775847253,4.0
1155,English,66.00248005153058,65.28547303554987,3.3276090552436104,38.55802022290545,2,44.57435307841387,55.196343011362906,2.6769981222155756
1156,Physics,94.77616142481003,93.56030266461849,2.9492617514996278,14.111625207435683,10,56.482228902873516,40.59872659950696,3.7904322722330512
1157,Economics,69.46008393670816,89.04661370430645,3.688340897938394,48.11330660537211,0,88.41792945303962,83.40661974129472,3.4746755025318103
1158,Physics,50.54188257401492,60.509041101872555,3.6113403059001064,21.557333808593803,6,67.57989222415968,72.13939596085471,2.546215502680162
1159,Mathematics,95.26909882096318,55.56540600587755,3.170708728793504,19.71192273521356,9,72.7946285219377,90.16706219243493,3.28699855435346
1160,Biology,54.56433383930668,62.78154449003601,3.7365425610265173,11.69996226496001,4,65.96896013256816,89.28330177404166,2.1711917908804157
1161,Economics,65.96568187952074,75.41769655088846,2.4116824200735367,18.75218969705967,4,42.63399655858031,90.59957006727299,2.728988465215882
1162,Mathematics,97.50309835254025,56.08381844937257,2.2238392387954558,44.449284282269026,0,49.94498678920935,69.10567959877241,3.3902340126318977
1163,Computer Science,97.5303573468778,77.44893447094805,2.539499223033979,49.83504519322613,8,66.73249832451346,60.017703750211936,4.0
1164,Biology,78.67189440616431,64.56469913147443,2.11417371217863,21.573928872808175,6,52.551127924475665,87.4934921554822,2.8043887285832265
1165,Physics,81.59186060848997,73.1228308511188,3.062339056002064,25.187478392954414,7,42.99874171958072,67.07764678175529,3.3590800571503636
1166,Mathematics,72.42227609891599,66.16759174811901,3.873211384589923,37.493192219123166,8,90.61897984310943,51.006531784206075,3.4202689763666867
1167,Computer Science,64.66053858490322,57.66794557251506,2.0786870813370193,44.87881012092836,5,98.87155174984696,91.29844117368846,2.0187639362957155
1168,Economics,66.4332272684958,96.9071984177294,2.2442198280200536,31.686995038405286,4,87.58857243980437,92.95359260634083,3.1347384580670017
1169,Economics,83.62592280385192,85.81634764958565,2.904398056566871,22.61865641800232,5,91.22709530228002,67.97858536841021,3.719002291441319
1170,History,87.618726471884,48.40679054598715,3.86775003505581,23.56798283818807,10,54.518627819022726,44.54198363858725,3.416327935980848
1171,Computer Science,89.57895218629243,92.10807855387478,2.632312209953501,36.30281659235631,1,97.63761853079198,63.269565395015874,3.8391706291613708
1172,English,89.48090713972769,69.24587189497082,3.014469617376785,5.144821862192541,3,51.8155422672057,88.2122595677562,3.572790305110785
1173,Chemistry,54.560305152434516,93.67313361364549,2.083145718100784,32.881520185692835,2,97.08578862170994,94.10644171277372,2.3458662645800032
1174,Biology,74.72101523512907,87.99131535683891,2.2966864019241777,20.997185469861083,6,99.68915763795707,52.20836454985575,3.1820162100790323
1175,Computer Science,52.877938000832216,65.512810268154,3.973260245917694,40.73887990746879,8,82.70336834476292,44.01841672151629,2.739284248807708
1176,History,77.47644411618677,41.348158499207045,3.9302373928720913,9.184578792040947,4,98.86862390750932,92.64102718797032,2.7706368465755804
1177,Chemistry,72.07652506866884,56.12064156309677,2.009879961868819,31.469102012677574,5,74.17238677402622,63.364296338732515,2.481142611625796
1178,Chemistry,94.38520913791498,72.49805287965202,3.903623570846478,26.64378004487557,9,55.57250699056542,72.5056578560538,4.0
1179,Mathematics,67.54575062760394,78.00869318956885,3.2782398756310007,33.90464866573524,1,66.21975313993725,98.08394872304554,3.106796237463453
1180,Chemistry,55.853350821380296,55.47326112599214,3.7358365890400442,7.918411751733576,2,75.61365612272715,43.99388367485337,2.51332581431557
1181,English,57.149584102641796,48.36136444436945,2.909479711267718,31.099270434265907,2,44.3848937216209,78.89908044712573,1.9901889184658212
1182,Economics,88.07553158587362,90.09581420795794,3.0311920571585005,30.266806458178568,8,77.34059587703476,44.446325354492025,3.91885240171756
1183,History,80.91090316581305,99.06413084221313,2.9776931605138404,30.229704248727693,6,98.87067020573767,62.52813570799002,3.9884576315008116
1184,Chemistry,55.05613380613951,71.54141093816115,3.3337285150922087,32.156944996840465,7,51.406458987023655,88.22887271160681,2.6893439400731025
1185,Mathematics,54.20534030574987,50.30075715089821,2.279302509512626,35.4410571751863,10,87.555706977303,66.00833396533807,1.806244237691127
1186,English,85.048456572956,56.338439591162135,2.0599471797453557,41.22450498563464,9,94.47392762677717,99.83094123417703,2.9189504390731327
1187,Physics,53.638150318209675,41.103440592848,2.615859883182382,17.141932405769644,10,96.62209556921326,73.54355709679612,1.9005499430310417
1188,Economics,91.09300296451781,94.85792839362995,3.4093615254732934,42.12722345810279,8,97.60813626432683,59.269729158157205,3.692508808213378
1189,Economics,85.31211135782482,47.06506497340847,2.4037069042458965,27.421505701855413,5,71.28757832328832,53.20667955428519,2.9841605574124577
1190,History,54.06743903209499,74.59098853085521,3.3468648666498346,8.467622561044902,3,98.63847447949021,61.03123205716971,2.6507310325755604
1191,Economics,54.241885704259595,56.44331324123236,3.9398240922145407,7.634791815979064,0,85.43861242806634,62.35199642557305,2.5837603376540788
1192,Chemistry,99.33197892505876,73.2506801509476,2.187801431578837,20.040724341322736,7,49.700286174217716,44.12282066343766,3.8773242855018557
1193,Mathematics,68.71353978780601,79.08522330111185,3.3452042364502526,40.32036397001604,6,68.6140063880782,62.174451965606394,3.0297319208342186
1194,Economics,68.53210735334454,89.7845082224321,2.887500438609142,36.84564206334121,1,83.09987052232023,67.85431118435349,3.2009170936752787
1195,Economics,90.63997836287513,52.3852763056362,3.736284508755011,40.48767341025829,7,54.840418949145004,83.36426513432828,3.437767038756817
1196,Physics,97.36242886919294,40.65974971950883,2.354299578894772,28.27710753987242,4,78.43691101293325,79.40376908329648,2.914436427836148
1197,Physics,99.30005319114355,48.213137804128436,3.3852519044523293,24.808954907997077,6,79.99602874279715,82.52593931374926,3.814113141429287
1198,Biology,87.66890926294708,94.0011185108863,3.67623057929622,11.635363701782778,3,49.76198462851396,40.50182091261143,3.871484185925981
1199,English,68.81297927654579,92.43340465375091,3.8892284389480465,19.76867391241902,4,73.90511874716537,53.06004397483216,3.588045670167719
1200,Chemistry,54.17503583493344,75.8447861302185,3.3664960565792916,24.530871477824387,7,86.29761465871647,79.70105730399139,2.766258925046059
1201,Economics,88.85734579637185,76.0310116260192,2.994349528016855,8.987019335582776,0,69.93373987215651,69.03936209078483,3.4989328055226787
1202,Computer Science,77.92021248679025,79.90220047277532,3.2356944804024277,14.927537872004507,0,40.72618700656645,40.318808540100754,3.4388511597770424
1203,Economics,71.21110046234881,50.522276717406974,3.7378099689574364,31.920138232868247,3,40.54230814475753,88.26967854590934,2.9021955925578733
1204,Mathematics,95.3177192547368,94.8647167554976,3.141219493277659,38.10484014076354,2,61.42176063820073,86.36857439742025,3.9500709393426234
1205,Biology,55.559874115307565,65.12623149352439,2.060774119393674,49.92563801268273,9,95.57164410590693,72.90514977961377,2.1538949162545284
1206,English,74.63125521454296,62.98831169496985,3.8618973910139553,46.990099910460096,1,53.72060677621653,43.987799546576326,3.167371200253973
1207,Computer Science,50.567682238370956,71.13506231697025,3.3790535020631225,33.915433979083616,2,78.06182133230124,85.99090297195508,2.307951004005865
1208,Biology,73.43303209970631,42.817958006503304,3.353026771554493,23.95616239823324,10,53.324552241599235,75.02281526388184,2.699022286654604
1209,History,52.815163784091865,49.97700212536476,2.4313503047954343,33.62798141187047,10,59.300199379572916,86.91759862947755,2.154638669457838
1210,English,55.9408958134036,84.28201698558223,3.3177709404653144,40.35432281361044,10,90.88252537608903,85.10481954375042,2.94711603943944
1211,Economics,55.87631233885524,44.967920075507585,2.787728811308317,10.32512859155243,0,83.7316865361968,88.18012431747023,2.0247059567161534
1212,Economics,82.46051510580318,76.1891265679833,3.302465954082984,23.445720036332972,0,45.723956638792636,71.08048398427749,3.6852329596978586
1213,English,87.30224396327117,54.72094658087926,2.2131860606159814,42.79110285360277,5,65.72212125918603,48.4194710916109,2.7769514717182253
1214,Economics,79.16843825485799,63.35773684251859,3.3156906092060723,22.27248283698698,4,41.75018581871587,80.26944840278132,3.4824600429910038
1215,Chemistry,98.10862742372709,57.32162420624199,3.998827451541333,30.734252205223395,7,68.85340879618053,77.22842710311824,3.9165709351139166
1216,English,68.7435289761852,61.34036298789695,2.096424077721112,31.44962123879892,1,79.74604070206408,84.53519123194523,2.747165121677544
1217,Biology,64.28560431409304,83.14275431105473,3.9543483684426346,13.301431391013772,3,47.11015741588909,50.19286036304412,3.2566527571933324
1218,English,93.42995640947302,57.8273029373905,2.813815921445741,21.300594874352978,7,57.333096334549936,51.69851199401735,3.6696952129204568
1219,Computer Science,61.17979192597263,73.98427841781384,3.7415069006745183,20.05300799338695,5,63.87019753012942,93.42457103315971,3.140047000972731
1220,Economics,98.16112697203056,68.56302413194598,3.564770968116547,6.178851883942915,0,95.17186147936299,84.99866790712426,4.0
1221,Chemistry,50.60772373449082,79.8202699217589,3.1340325219733356,6.088629375110986,3,99.59530092537784,94.49370932201938,2.6724006581322985
1222,Chemistry,98.49394133538195,96.20978435948548,3.4768984185026532,42.426366965409805,0,42.69467793973695,85.52291926983524,3.9627207072888324
1223,History,52.1579955975288,83.95432583261501,3.7570311226026956,17.288186448776557,1,85.66047540972352,75.82931835941811,3.1355846977663266
1224,Biology,94.55715568490356,52.896422715445404,2.8082806433020657,28.313544480746696,4,62.30344398414059,79.24796422167242,3.351283742930338
1225,Physics,76.385055454315,41.87098810367708,2.6540663231264774,18.442650811494786,7,63.547491173768805,93.3476754364006,2.2153589452378064
1226,Physics,99.64823980596502,55.73584265798951,3.3351867711271694,47.330566030190326,7,85.25589840082137,74.72840527071642,3.533223362827237
1227,English,53.68982823676994,75.70467584201529,3.6156918838825174,16.668354148959818,10,95.10558592872451,77.94347945970324,2.765356873057018
1228,History,77.69271422006604,43.08554880905502,3.5245702695532315,24.33455657325208,2,97.0557156701529,49.38860296021603,2.883647554180902
1229,Mathematics,98.46512678095495,69.78197483207418,3.595627297717269,44.27286127180708,10,74.62735516229924,68.43527320696616,3.9915117266650157
1230,English,76.15489220850745,75.81057093501335,2.8711666296258658,42.88701050563139,3,61.42726955803017,82.98382671748594,3.435143294735359
1231,History,81.46993190676312,60.05463344901765,3.6356684323500432,13.374563803082479,9,87.25294515152675,56.25656189898193,3.0342580337372627
1232,Biology,84.78743444923086,86.25473222474932,2.240418110741217,41.118948940806966,10,55.060082995738014,52.13525083147209,3.5557399996356165
1233,Biology,72.72705323838866,46.39589518802631,3.0889781959216993,25.61840990320517,5,73.84444173001106,58.82960849346493,2.349055397360547
1234,Biology,81.37790400420317,44.50826690414853,2.0115173209962434,26.733599243840985,10,61.51470769149239,54.49003767957001,2.6351113987173984
1235,Biology,79.21571559615501,83.6913253722162,2.6491716598005404,11.00659875871747,10,79.39786442247257,52.894758222183754,3.4226954646113823
1236,Biology,95.05790052454944,69.72947897237191,2.732923069742796,8.627068119070609,9,54.42393477361041,65.49105057208521,3.7245608872161022
1237,History,52.272319017072896,81.30414378566417,2.792345383218511,37.75726881381944,2,51.49557674408955,94.47031083301204,2.485015786905552
1238,History,64.04815947961151,66.08964031622477,3.3909344133797243,27.34075185598849,1,95.09434520052622,70.4235788043231,3.03799846204432
1239,Chemistry,97.52057420382793,54.78412199434641,2.7771162025406912,24.65828161768308,5,46.10822097697221,51.275222848919384,3.604998006352052
1240,Computer Science,94.51318919454582,89.14613906045199,2.8973872452450613,37.827870289357854,10,70.3574744640959,44.61830016285244,4.0
1241,Physics,72.78283763928565,87.96495273813875,2.475088261748655,39.44808045459994,4,53.251166977780535,81.76936870827552,3.2558138736016144
1242,Economics,81.00662989007684,81.6817882512656,2.74650358325868,12.15086754512091,9,42.335797799540046,62.967925866183265,3.567074545897213
1243,Biology,63.86905914905663,56.32870823379776,2.4545392545263027,32.460131726493856,4,42.161129097485585,89.30985679512156,2.255596789564515
1244,Mathematics,59.40605798618807,75.41384001214523,2.1463918475368873,11.09093370249585,9,50.51330632634964,79.5706461184462,2.645886946750321
1245,Economics,73.18492024699911,61.65843381640161,3.206897186762756,38.81187887130706,4,92.00622127036002,87.77448703248211,3.225946268097269
1246,History,67.66761140130264,45.49492439959805,3.3364255971100327,34.56298203202128,9,56.9487246386216,56.316762365106925,2.685359619115866
1247,Mathematics,79.1828055925436,95.03881452773456,3.2389806920192292,48.04765794875561,4,97.02755023451775,81.54153534766348,3.732831595959856
1248,Mathematics,53.88673184824924,48.209117855137684,2.9269880876011447,8.103110736038953,2,74.89733757935161,55.84371908162313,2.092041344730339
1249,Mathematics,98.71974038330833,97.01424122924814,2.7595715603584594,7.567462451806444,6,66.19685138612596,96.3441087670175,3.8060287684362026
1250,Chemistry,99.31053722398013,66.76034637747735,3.7266672991436502,17.69841836119401,5,74.80533008016727,78.18245689200246,4.0
1251,History,84.90808570098726,51.10797573031718,3.0381635702724363,16.77675576811577,3,71.00190311357606,59.470708010520525,3.138431035607445
1252,Mathematics,76.80481831720601,72.51405684270148,2.958363755259462,16.11404595823999,1,85.5265752254395,56.17071173753636,2.95147190988288
1253,Biology,65.47638081431639,92.37675015258449,2.0512841316128716,45.78145612344665,8,56.949763958371136,51.45559510429861,2.840298512839179
1254,English,90.68975098534743,83.93349318457368,2.6824956552523127,16.229578993227776,0,61.183023496018144,81.67845753362366,3.7574140406433574
1255,Mathematics,84.23655862769397,88.39366887168698,2.760391237571714,17.237737675788395,10,93.64565815199504,53.12293677987564,3.672286707030496
1256,Chemistry,58.130846967244565,79.52700200264304,2.797645561793801,39.17292180880837,3,96.78739078902433,75.71819595564935,2.576725293267632
1257,Economics,95.54635922469213,81.53659387107115,3.160344738454665,25.2382929102743,0,93.55349364918847,55.878101615521445,4.0
1258,History,91.12686214615846,90.95173909391916,3.067205093453757,39.95197506298315,5,65.16687963743881,79.71813668763212,4.0
1259,Computer Science,97.4899956645962,54.98008053155115,3.2158101855868892,7.941477090397336,3,86.82193018041289,88.89638371243235,3.5549564000561635
1260,Chemistry,86.28597541941801,69.36549781858844,3.5297665230842563,26.940703715302295,4,68.58014399806592,86.68151458867919,3.5151864334237266
1261,Mathematics,80.6707597967895,53.27256650917613,3.625971477432187,6.512612008247718,4,69.85239112876613,85.6510798558469,3.320503386797752
1262,History,70.91215181453094,99.26008047979883,3.4362461524529886,7.819394155490953,8,52.28080654343704,51.263344341535124,3.9841764121339516
1263,English,96.63642416770065,96.64356038119679,3.9110473919098694,45.78968540049849,0,75.46781819551099,45.30309681907112,3.9274657774230195
1264,Mathematics,93.30319447502042,42.365608682110356,2.0364651653527233,11.266041700291783,1,51.16815386520088,81.93692970924315,2.755495052734675
1265,Chemistry,52.26093350530947,82.33451035094131,2.391555971367092,28.95893070238477,5,59.89388194403163,62.10083282766108,2.5877752873708286
1266,Physics,51.3183487248626,95.51489904493995,2.015125749956284,23.499302117031796,4,91.3018120971961,65.94077358420084,2.583622897747392
1267,Biology,68.82316834390248,50.83452070764001,3.294949428309206,20.63044968164792,10,52.424548552651316,41.86894556760346,2.6339150284407657
1268,Computer Science,90.52766653909165,74.07671383315777,3.796061097899974,45.49250055592726,6,44.269497110405965,55.574586956502955,4.0
1269,Economics,99.36380646574722,94.92929785528251,2.4869645931525985,5.982052854897027,2,44.14045555676898,42.02058423246784,3.7135965868739063
1270,Chemistry,57.52084455517641,42.03675871514793,3.8540690895926133,34.87053587790151,2,96.44707123018648,92.75114635607486,2.501213678225934
1271,History,79.70653576760675,81.84521603481039,2.1205347805791215,48.35274953960977,9,70.41522627771008,54.60380099311183,3.266013029534823
1272,Computer Science,69.04454283155107,57.840940442353045,3.8688720536110286,30.20756825578289,1,64.5647243090211,73.44023017438047,2.9140234114339494
1273,Computer Science,98.49571989073016,95.46377172259182,2.703245374479269,47.157010791489135,2,88.6527148604751,42.33875923966782,3.9866148768667826
1274,Computer Science,92.10594615678544,98.26349470992207,2.202841656898433,7.351604567871069,9,90.14955567463096,80.01084347833948,3.9810496589770774
1275,Mathematics,91.91643523555689,96.65598934680604,2.9717435183726515,23.845699358337264,0,59.93146198693628,59.38164074524563,3.7403198044832613
1276,Biology,73.43465798974852,68.45285299944783,2.5135531354410157,16.707100593292303,4,81.6170834484277,93.87515121745994,3.137986857190168
1277,Mathematics,70.74097511688326,91.72255905935882,2.569745803923846,37.88694342413284,4,86.2673689511132,93.28709133604215,3.3237095543229622
1278,History,63.670353596535314,90.67296391210422,2.614579929852573,49.158369072376104,10,79.27904121195726,59.51743710170487,3.161848631782631
1279,Mathematics,52.81877483254635,59.146028394595334,3.606051795665327,16.54385280999115,6,49.095704488005964,94.05765374142808,2.573226577888585
1280,Physics,93.23611881275266,89.73492844904064,3.078322553350509,34.43785706633335,3,92.55298501102342,99.76946040992672,3.846825631365955
1281,Biology,90.64505045650388,42.220458082929554,2.622615398312007,13.914393474188305,2,72.34567316416053,89.52493984743688,3.0115994753790347
1282,Biology,99.98588366430653,75.77619270892319,3.2206675666218367,30.439861455722447,0,56.94834558220022,90.69228086531373,3.959853836365181
1283,History,99.83184185369527,53.80053023726218,3.432301348446387,25.87696190097513,7,65.51369112626163,54.940524166545394,3.823715972314009
1284,Economics,77.77158528013138,47.23401314663673,2.5452480014670673,48.74023983341917,2,42.25426542393444,74.60214393146538,2.3085557895925786
1285,Physics,88.44937075902553,44.61719209775255,2.827098203050703,32.383727271340994,1,47.672008073345054,44.03535483804207,2.96904708058524
1286,Chemistry,97.23828649412141,81.77732655268838,2.243772186673895,20.727786743906847,10,85.93280503095164,45.69507620930018,3.7323644465756933
1287,Mathematics,92.48236953387058,60.39249782608397,2.3622986990693606,10.134310319957002,3,40.00069808532197,99.93355672199743,3.3485200494487604
1288,English,62.36740508715988,83.48600629172569,3.3622357079299654,11.806107293072056,2,64.99394970893754,59.598354965554655,3.207211680273146
1289,Mathematics,72.52720676550467,43.92138044793654,2.362876695391254,15.13926184780558,0,71.35061086513531,84.89103472293078,2.2406806465360725
1290,Computer Science,56.45797075757475,58.91742026983662,3.0503267673341203,16.29349976031341,2,43.278065200058336,88.39990318160899,2.261824650947242
1291,Mathematics,97.70255136293612,72.36947754252023,3.4180925234448654,43.2777226028512,1,98.38468977833998,91.48139626043375,3.9834001947164004
1292,Chemistry,80.308731722544,87.44338989033781,2.213753846189488,30.255025472713623,7,53.56751987498032,99.85769784412939,3.27972322629994
1293,Mathematics,61.43214027517314,59.12515017592419,3.134624439257807,28.55259101184649,5,58.25192317817685,54.48978911541207,2.675463856100375
1294,Physics,83.58503422029284,77.55348258622055,2.5131255674027275,10.164599234114785,8,58.23655073530164,42.421049611581985,3.3494114996776907
1295,Physics,80.90641202289478,93.15866489417124,3.9258537504751594,43.70628620072458,7,53.824999727040996,64.67149107967515,3.563951767101754
1296,Biology,67.90813590164203,76.95179129093827,2.9670912934398492,37.526643644381764,9,40.08842932517869,47.804840189736815,2.9978052577148198
1297,History,55.67787960998145,53.97756848521803,3.611985099550316,8.045076285500071,2,83.76068764527977,41.34555334972331,2.2591738612956003
1298,Economics,83.57865977963998,41.46404689339228,3.1004530843125235,36.85257937533959,4,98.01072998795712,61.625609628489165,2.6104294155423924
1299,English,76.01538504518966,92.2059324340558,2.0868250657096383,29.459219780419073,6,53.4576089971027,87.02429506451418,3.1559596998708033
1300,Computer Science,88.61591958678196,41.27616465102323,3.2663027511880447,8.677640558605022,4,79.78283150820535,73.97084147350425,3.0705975791953923
1301,Mathematics,76.00817505559966,92.48210036105196,3.902806684413314,25.623528868789542,7,84.51377961752291,58.76667935262124,4.0
1302,Mathematics,92.609075015927,71.73622804163273,3.2032236402926624,26.811332920852113,4,90.90552274543148,79.26052032956318,3.8165860031620533
1303,Chemistry,77.59534193872427,96.34406191077377,3.6383777188535804,12.45985430734741,0,65.35775182081655,53.92109081852864,3.849902930541522
1304,History,78.04689857676931,87.92699414641993,3.768412926696816,47.55641661501271,4,58.17585433842575,40.862886764325104,3.8927139487768443
1305,Physics,93.83268013291726,99.87604663200025,2.456159543897865,43.248891716629785,3,59.517708041381866,85.86120318618563,3.9311364534671513
1306,English,70.17414331061985,61.04270892710261,2.4240896798164533,35.10600517980987,5,82.75727998591077,77.42458509184056,2.534450285338578
1307,Biology,56.70076142253204,86.0312973358676,3.2219619777019837,25.803300245027323,2,89.00676799033816,85.7381574700576,2.800572810760656
1308,Physics,51.43913381566695,64.11585481655453,2.822056939613409,23.52944937130288,10,50.89683806539616,42.336281001259934,1.9894264585767303
1309,Computer Science,87.75686278368096,68.79253721823453,3.6797226057334407,34.29380602179294,4,62.25646048946591,90.22717766983914,3.648389760862049
1310,History,81.01547756767323,77.6503277931022,3.8000462467960223,29.544434123310747,1,94.116411804949,77.17157200217821,3.740718642332156
1311,Computer Science,85.20398840496118,92.42062685118032,2.706842758605436,7.802289764684852,10,88.40161118168436,73.80372104275841,3.797199802567325
1312,Economics,60.64820807544554,99.04500815195772,2.473741117948964,28.062619194664926,5,99.09150416574855,77.47684288687189,3.0674029016793285
1313,Biology,56.818573779338486,86.0964048318711,3.5610510304877234,41.28816277547778,5,85.25489558092485,91.86599481210185,2.9390423546617566
1314,Economics,50.7272332833941,65.06600693004003,2.549612071096272,25.665794491863114,4,63.59171206167534,75.21619039353442,2.2587840630109683
1315,Chemistry,67.52937794032985,65.2814201366242,3.6452286370273566,7.338045989942079,5,75.43827003967826,74.85702279329075,2.814558676399106
1316,Computer Science,79.49588434273166,84.25493809533349,2.8474765072975257,40.38251897228149,10,79.66085525483922,99.44074942394595,3.632938346650874
1317,Chemistry,69.61220225498661,54.32662874609814,3.3350997985829407,14.061370196118848,6,44.70734897902744,85.40381002411408,2.6108544113316743
1318,Mathematics,71.87374610118646,46.62844678788368,2.1910706276693364,16.637937569961743,4,72.66981754623191,66.53762832706812,2.216813149388261
1319,Economics,95.20793472468742,61.27732945844659,3.2477186493531462,12.411785904453314,0,82.55924970835657,82.44382000197567,3.431267276874036
1320,History,67.41277335116501,57.2343394992449,2.9035353574744582,19.85967791921739,7,50.039278240063624,63.353828301507306,2.5476093608059593
1321,Computer Science,75.69947445799053,57.778487227359406,3.173216926350948,39.053817755988575,3,86.83790304553344,53.73252774900994,3.1128235021386494
1322,English,89.18265063705715,54.0164650629946,2.336028415489727,28.372363677677182,8,75.0263668308467,75.81111261326556,3.124614673965239
1323,Biology,69.8271391160635,42.525591378181716,3.473747489888364,14.219657336782065,9,97.13330714185568,95.69092588683708,2.718684087944742
1324,Physics,81.10433501139367,41.07243608400483,3.725594155086457,44.502353516841836,5,42.5453378924135,95.74837120092776,3.039077169369915
1325,History,93.11818543733726,99.26334338416189,2.4334796001815513,44.581183472818815,0,55.919568253328016,60.51431668632942,3.8344495257204447
1326,History,97.47603118288211,65.66638802415174,2.1914291110403235,44.17602912707031,2,76.09323275798944,71.6606479733017,3.440200005461968
1327,Chemistry,57.3536740464519,63.0595988295809,2.047277172092673,15.745829512169268,2,57.79359473235584,52.69815391419167,2.0596092659293572
1328,Economics,96.32938125807472,80.77883696158419,3.283943000886532,25.305770488144464,9,82.86544984427454,99.737866569933,4.0
1329,Computer Science,74.6058146539769,53.09523327190385,3.2141880721775618,49.32453452633938,3,85.54031695131586,98.86707447207614,2.6718925717626405
1330,Computer Science,62.91221941494792,96.99767103701352,3.09339482542814,39.740561433949566,5,46.150957843988465,78.97053578244683,3.4782429812051325
1331,Mathematics,72.95678781191307,87.18070086493313,2.463894192231951,6.222533955150192,6,70.83126785240606,88.2648435806484,3.395294043286654
1332,Mathematics,99.00162876427385,45.36466013873557,2.781811991811029,7.934206606722142,9,70.53343333546336,82.906009677022,3.5798706134092617
1333,Biology,74.63090469964348,65.0548465470957,3.188952670372346,25.876911956554974,3,62.156846212932464,75.5894931423681,3.0239115125064626
1334,Chemistry,66.43758051437541,92.74709845372988,2.9935337177183388,45.914909263770205,5,95.97549175418033,43.20087981933386,3.4422772675445796
1335,History,81.67004271583629,96.68392133748462,3.9755710404297746,29.24158090787214,10,89.65037919239327,67.28586055315967,4.0
1336,Computer Science,62.00728093890965,68.04409067499219,2.2728795051134663,27.40156286154306,0,81.8325629145782,80.48717813004464,2.3935898402706437
1337,English,53.7931664054332,76.80468335264246,3.3902891080951876,9.746316498048376,7,82.85959814409986,80.65189683302108,2.520264604642748
1338,Chemistry,56.44398609553246,50.02203676552451,2.8086375362085843,34.555104712593234,6,67.70296862878715,62.387357105343014,1.8342079658133157
1339,Biology,56.40229194788862,99.4701175682186,2.8563992298512293,41.99464222701015,10,95.25967126579455,96.50151919948183,3.231889776743811
1340,Biology,57.595134675614716,53.90030208300661,3.4351955313163525,22.118900337840305,10,81.67572563519713,50.04142193420686,2.135759999698958
1341,Chemistry,56.94135863247051,96.56390644810753,3.3848723026487395,39.902533291639735,8,83.738863699349,70.02156677293364,3.1863957446623914
1342,Biology,82.04373724016074,78.97879893954212,3.9825119874043766,48.40144942553652,2,91.70145422724072,81.45303859304937,3.8955947626341505
1343,Chemistry,59.09400421995724,76.46420769273155,2.2567885789082505,14.169490660746009,1,56.444295360531456,81.82814835350855,2.590315112322229
1344,Physics,67.28336416619317,70.76131066099052,2.2082192987683325,28.54983340376336,0,88.42425423200217,78.91833740612893,2.745320200460847
1345,Chemistry,94.8394204953006,53.84018870306552,3.448677634257482,17.9212081138059,2,51.71443617738952,56.51729280711161,3.584325701111856
1346,Economics,73.69808201314362,50.591681920330494,3.156773834012818,40.67844885652277,4,60.72051713469327,49.37239412119732,2.947973891341898
1347,Chemistry,83.37788692605136,53.22917254421052,2.5483213331196115,30.99170146465209,10,60.136627256190565,78.15641960960265,2.776511611969242
1348,Biology,58.61599356008149,51.18629572865527,2.158838737977973,33.55620878976367,1,98.71152810334843,75.95812696836626,1.9079724331781867
1349,Computer Science,59.61445094043354,86.7750684140052,2.1713164991928613,40.906137182715234,2,91.39223342487561,50.761360617354455,2.644252479153722
1350,Economics,52.043430813323944,61.0075155500038,3.7883817493282366,22.81867126981047,3,82.07019169541559,82.3083487342338,2.6239847332231894
1351,Biology,58.44675315360823,43.47056059380378,2.3837346494374856,46.17905307831695,6,83.62340569692341,67.31031950401939,2.05193562303265
1352,Mathematics,63.92951695159793,98.14615780844868,2.6467431242310413,28.9862990260763,2,73.72436766415427,80.06563549618917,3.331118741295884
1353,Mathematics,58.85052421383734,93.02715309780554,2.453312804453976,12.10796702759066,8,96.82544002651115,90.24202478620904,3.12545379703112
1354,Computer Science,54.43512668785278,95.66513699171279,2.709992611663875,36.315460317596106,7,69.77552517294168,50.183705714615385,2.7678194445373863
1355,Computer Science,56.03179355503004,99.69446935878611,2.1388476854921867,40.69676076972145,3,62.831062592193675,41.1486920798102,3.1518822559001594
1356,Economics,73.03893840163629,50.433714953169236,3.0381195818165407,19.2542754680387,0,49.78212021589546,86.7461551837472,2.9256584158062315
1357,Physics,60.31668592028963,63.77452113415953,2.13522512718443,43.573066564943886,0,87.17233913566348,76.58184550915695,2.4177982304015595
1358,Computer Science,68.21349305240378,85.49430854224548,3.600713015644723,45.77644646445949,0,84.06663592453549,81.97837417732731,3.6937073522095885
1359,Mathematics,75.17086354274284,81.76123708322754,2.467424163820866,17.460701932001403,0,63.06130231144809,90.28929849931856,2.971971396880233
1360,Chemistry,84.51974143146826,49.233754380391304,3.080023829209021,49.25846627218499,7,41.51160483755376,88.16865608947003,2.9552826420451606
1361,Biology,51.965606992054944,88.94998749943707,3.7601581751229167,11.332018762194128,2,90.33983966308065,97.65520881572948,2.940903154097368
1362,Mathematics,89.97051994545214,53.46643431019964,3.301754738094388,14.090705078112048,5,40.68507900724442,72.1561047311271,3.459647282519306
1363,Mathematics,81.39501947454539,53.42905688935738,3.0659155731026706,13.290117765711177,2,82.22198677774306,69.30973795959432,2.861848804348311
1364,Physics,54.08795159744359,72.21846537360481,2.648667506230751,45.229536950354166,10,98.21542658356341,64.1132319934438,2.557022221912862
1365,Economics,93.67893120533887,75.57639609050219,2.6660038261163956,34.443164854623284,4,66.2596796888922,49.22146257065227,3.922905070367962
1366,Economics,96.04362002659066,74.80517247026867,3.3389739103963803,11.84469274500228,6,54.09840429975716,74.35643397292134,4.0
1367,History,53.05389799274319,45.489210243865294,3.988278722442335,24.814553826575704,1,82.29226060260291,56.620751459558726,2.320516921526978
1368,Physics,63.843882407360184,92.64765175782281,3.323678379698757,32.68841112814109,5,89.0276885209351,95.27845073277854,3.206153447225191
1369,Chemistry,90.31006398965306,55.93600255532236,3.11556683474005,8.755883824522249,5,72.78581896467084,74.99144825662586,3.2282562575864757
1370,Economics,87.41298451918291,47.77089527696825,3.4613010204784924,44.708736578330246,10,98.02211651536877,75.57041083048661,3.3947303434380767
1371,Biology,59.226050967818864,93.32488479213863,2.930411224567436,41.16215909486908,2,43.100123299477666,61.2954796526206,3.2261442625595156
1372,Computer Science,60.467466166835514,97.3390898937852,2.1202846852015704,27.73430481094872,5,70.28773589827169,43.11936111866245,2.977487181109041
1373,Physics,68.5236051395691,91.72765703592704,3.1245936317558196,48.52069768666267,9,83.107236839353,41.90462592237932,3.35503712331722
1374,Computer Science,74.22614925955106,88.57096448349269,3.9152505690107606,23.799244067379487,9,91.75842826895074,65.40010864919185,3.4618080643762843
1375,Mathematics,80.9127385765148,79.3145188383413,2.3506058847153195,49.284964356642405,4,50.755336714467404,45.07392268583427,3.149525728353389
1376,Biology,68.44568197848862,73.05144223654835,3.3800097816413315,35.05639994616322,1,88.00020890582088,76.41081733240836,3.403080083407312
1377,Biology,73.1267358066574,45.21920559468461,2.401867377318113,33.560207296427365,8,73.1624245431127,92.85838033837945,2.2108380530323797
1378,Mathematics,87.37354690668784,64.50719278424192,3.0716553689461623,12.467970288310326,7,63.7932209193978,92.97488899112332,3.4539528115913454
1379,Physics,51.834160144529896,62.36131102073884,2.1933528992934392,44.68674912370898,2,47.90290171474561,79.54272460793393,2.1903146135587512
1380,Mathematics,62.62184721720104,55.585227025619574,2.9007418725163703,24.237035956427682,7,91.91774553453475,52.67390988837586,2.255189922642932
1381,Computer Science,85.66747929422762,83.40520682131509,3.512326657790492,12.30050326021157,8,49.43639249078292,91.77980988153232,3.9149247592554697
1382,History,94.76034188435997,69.75254410472624,2.695143048477964,5.567338398909157,2,58.58727155254596,93.16560611879248,3.782347005421713
1383,Biology,75.58387210578331,44.862772954458876,3.329823448974436,30.189005763727216,2,57.40273191774621,51.79921509717752,2.7520813778238584
1384,English,76.60567426326578,53.21099211698868,3.5908999215794584,28.732982995520434,1,92.28484205145125,84.24556514624064,3.4583141247858915
1385,English,55.358600566988805,80.99552581957576,3.8543556389589053,37.370913006612135,7,80.36217965253388,57.19117293562738,2.772097510483746
1386,Computer Science,72.37061834117273,44.56785156941801,2.469284163710907,45.0616123858011,9,87.80088383148234,88.15841874117578,2.5459995700705007
1387,Chemistry,76.63086332275115,91.07241484292612,2.798631831618616,8.573296308936328,0,55.02807392754994,99.83427399421616,3.5262308708079497
1388,Economics,62.12352518173648,69.70879162083847,2.3048320266608346,37.917342065316305,7,77.49244597641993,41.80156031976357,2.648708204616931
1389,Mathematics,63.46216154746905,68.83519463959888,3.9849670043167507,13.4335374843912,6,74.30475898862491,93.84195194745593,3.1289786091021026
1390,Mathematics,68.86420815523113,75.54446707957106,3.854001935848591,43.61796739207238,6,89.96982260729627,77.35783201591948,3.2122753097076973
1391,Chemistry,51.003559888886315,89.48085795550895,3.079914260561119,41.85785812377453,2,94.36522362887564,98.40295714988926,2.8618439731330536
1392,Chemistry,66.10395827915892,60.86855247413158,3.6840665887528425,29.335718974349497,0,40.72940628864321,67.90057105158566,2.61306344302928
1393,Computer Science,60.572400349827234,80.68096915354381,3.041915954544084,36.960925938049016,3,80.44119514352755,90.84327583428242,3.019627527023592
1394,Computer Science,66.37486760889573,73.94391783974746,3.2471713760055194,19.145755093268676,8,43.11014794718374,43.743644115896636,3.07616486603723
1395,Chemistry,55.98810659096256,56.02169621016528,2.1782488642320335,26.202555451976657,4,72.93151990464136,60.11674300469774,2.1288131161960098
1396,Biology,94.52636403699475,92.71779918130949,3.510540840993616,41.973660396971226,0,57.25796374262069,44.0209922650726,4.0
1397,Computer Science,79.67962267770244,87.8455612964157,2.25542696727047,25.666933872794626,4,58.40659597132847,98.52058800874423,3.4709461094363894
1398,History,83.95511595722448,79.50711007950554,3.652135260505057,21.10092193964488,7,61.177510207141395,89.0184344363102,3.821171050039917
1399,Computer Science,89.45856193036691,91.03490374565452,3.564056175340772,27.239560126263495,7,77.27754694297661,91.15284527475822,3.8678397495008063
1400,Mathematics,74.92210994645286,92.03765205758813,3.417489395485953,42.271216359674824,4,60.042997940126156,96.27791388603364,3.5996028441311108
1401,Computer Science,54.34601440437118,82.50177860290208,2.0723207610495242,20.084362131689275,8,83.96194303541682,45.10620916718712,2.6624253274040086
1402,Biology,76.85532709092739,90.22079970182033,2.606256711890657,12.81927169110847,0,64.27164313443218,63.1358555508,3.699230682947266
1403,Chemistry,79.34205590104395,81.84828770015702,2.526225139821686,37.040630914885135,3,44.101192018597516,44.26209334264013,3.3307823093019215
1404,Mathematics,87.2719737092165,80.80844630561802,2.720272814943038,42.16901957186368,2,87.02559054904643,52.64758609300172,3.6515727190694416
1405,Computer Science,71.58297731148397,77.11668269291106,2.175285493527677,9.528686533559,1,57.14549947556236,53.76194662226034,2.7942796770850555
1406,Biology,56.37901513977819,85.16299837345846,3.873915646062126,15.794335074017512,7,65.96601277595576,68.14643266285472,3.3190696940920503
1407,History,64.18879528993622,49.51630631758442,3.1076044814247528,11.388739539244725,6,81.12663299331409,56.11373004721855,2.530984662535464
1408,Computer Science,68.15411481993175,92.85224555193571,2.611048621316047,20.657363521197496,8,59.94736942892272,46.058686409065665,3.5654206187831963
1409,Biology,82.29586206658007,92.31061166471392,2.793963034148567,25.26579405074357,1,43.39513936880294,50.04946534564646,3.61578622234534
1410,History,78.53891523344559,41.75483698207355,2.8944050810096713,38.69718516334879,3,62.43526282076881,48.836533813125456,2.589224222141673
1411,Chemistry,67.80483629489231,89.54900503388576,3.201188666721235,34.30164131967534,5,96.66691496165821,98.3846078747379,3.409874245911751
1412,Computer Science,99.32576243964898,47.73219204840671,3.0313588553929955,32.9417855365294,10,78.50406383791349,85.55755041510841,3.5351843739636153
1413,History,80.28874096784436,60.10713125554851,3.8387839464288347,20.856872597434446,2,80.28874892003242,98.06568791617372,3.3210692659707712
1414,Mathematics,61.86133958679972,84.61049537749646,2.9939269658116605,42.8651398888142,7,77.9369292182584,66.38442919047452,2.901943007892605
1415,Chemistry,55.089123631020186,49.64559376289849,3.9843160296466253,26.207922532917404,2,51.93952833756621,56.702108899759395,2.554401543875834
1416,Mathematics,57.642956959216605,89.07802144714373,3.7028499154901917,49.059722210681954,1,65.1000318461368,87.8975918325512,3.316894664389754
1417,English,62.29788641922541,89.92805067746451,2.4170210287146716,33.53639622330816,2,85.0563879017991,59.57523508246881,2.8417244355663542
1418,Physics,58.03406866297779,70.44806402565017,3.8611904292878325,10.681913370402622,10,46.08237385318955,57.9630024223209,3.096560581820287
1419,Computer Science,59.32835120256529,40.383152303010014,2.232732795770952,35.42799029339453,5,56.671166565382734,53.950359532469875,2.011434162191885
1420,History,64.25475843469235,57.22228799049476,3.634899416982383,19.629680694426455,1,56.579146507951215,47.78073869345412,2.7675441630562507
1421,Physics,58.66867976473774,77.01561510254453,2.76124658695316,35.88472385087438,7,65.92113565567035,55.387783661005955,2.7248561348190985
1422,Physics,94.83827123132126,98.87117068164541,3.7559486408901392,8.133851667308258,0,98.8221244565311,61.31918490843326,4.0
1423,History,54.01168728308211,77.9088116210001,3.736113380214901,12.869664672918173,6,44.05015280102931,80.43965248874383,2.7544497971189994
1424,Chemistry,76.22556947851274,55.588214863849586,3.611850800235242,43.50817665076038,1,71.12205966283571,43.753890533167095,3.0752122576019243
1425,Computer Science,70.51984134948307,78.04034218597668,3.5800608726141228,15.22308006605817,9,50.76188092073263,52.630416379920575,3.0172338288917073
1426,English,99.11893084543033,72.39912278295134,2.6093582781960816,42.6668506359323,5,98.24059272458464,88.54141841750058,3.9327661166771306
1427,Mathematics,55.60194510840262,86.79072370906862,2.1618385661025044,17.567423980448467,1,46.798210283647855,48.81531541502625,2.401654652764621
1428,Biology,69.89277995228709,46.4188383296175,2.805960357530323,33.92968595264185,1,64.21606014169548,60.55870879135129,2.6763657022840888
1429,Mathematics,98.47352166376845,85.66167415012168,2.347049029973017,36.236775807942394,9,84.27309909007637,91.87953531148841,3.9201093191192826
1430,Biology,93.27535629469901,72.47599472056662,3.3899021778049234,28.06946389152738,7,82.27326568164672,49.29551866860656,3.829281364297306
1431,Mathematics,90.85360354746399,97.77952023153968,2.6921994530755713,18.73898045135291,1,65.36371821363593,44.96421013709139,3.9058399140873243
1432,History,62.895141352246995,60.51232996232116,3.95122040171983,14.568996936699325,6,60.79145007716309,69.07227970480065,2.8246148474804715
1433,English,58.54437936950329,77.9573135880369,3.281944154690664,6.4935209553091795,2,63.85674271317224,58.14517067671218,3.0979635008434627
1434,Computer Science,83.43216099622154,95.92168633060105,3.644961127268722,18.677588055832572,7,55.85657578951836,73.80450186903124,3.626828701519738
1435,Biology,96.46879945637929,46.15058367944076,2.265049345483697,34.39232557390774,6,52.31997632240799,88.22829342900852,3.280067238435523
1436,Computer Science,77.83814465069649,96.23370923418707,3.724028964545245,47.22371683018172,7,68.9823818535334,48.22890928916459,4.0
1437,Computer Science,78.580634473495,81.27314333804881,3.8455143810267884,44.20420170183734,6,56.112025364056436,74.84194507325711,3.548751811964542
1438,Computer Science,63.998954683014205,44.07022354631032,2.9741238376378716,39.472914944088615,10,57.247699893835005,70.33052562339184,2.114193179132607
1439,Economics,88.47464665959684,58.057814016808976,3.2125058755019547,40.48013044639844,5,79.40536380847342,48.64472716079197,3.623026855662731
1440,Chemistry,59.35218742787617,82.4903253187169,3.529619601805991,34.92432065641979,6,98.11223990199353,77.43990913173894,2.9338516182094914
1441,Mathematics,66.18396182021218,44.041036088126305,2.349677254520825,16.712908590470136,4,76.21823203356251,56.4184250716463,1.9798121206679653
1442,Computer Science,71.27182193082083,74.9302276105764,3.005132152926885,45.82377638176234,6,44.61876802389798,69.27005911264075,3.297442840758202
1443,Mathematics,75.38051893422275,60.752983417177404,2.797326055544626,35.182954035762535,0,44.53501683124402,44.93633945662371,2.9541304632741423
1444,Computer Science,62.12048662075401,77.25493106604863,2.2927479843244982,30.219828394119798,0,97.08539325073396,67.57504343281738,2.540434278034666
1445,Biology,55.74184123696018,42.74452202875077,2.735068844583063,9.994526114606648,8,57.83744741844002,58.38780808256922,1.9586769977600562
1446,Chemistry,80.53100212208163,92.29220836914257,2.136344618770987,25.117499471289143,4,45.52401916494853,89.34287267112126,3.3413782252905975
1447,Chemistry,64.43152766201278,98.4093381506438,2.051623813898974,25.716122204086684,4,75.9426752290229,43.4187236198421,3.2695590177376075
1448,History,79.06191107113061,98.13267131714149,2.2703325783096453,43.90536242852015,2,77.41892669741597,65.1164364950998,3.76789511272233
1449,Economics,57.718135763710116,84.97910990457548,3.9262302231783477,29.59916990845048,4,78.91028920712128,67.50588544788627,3.275661486440935
1450,History,74.05700509274087,47.80517440783792,3.099059071790034,22.118024703668436,2,56.04412167145248,83.50036457794712,2.7477653665893316
1451,History,76.62947162757929,85.49579175574135,3.9316443223064397,48.95601478297967,8,40.9066410528685,74.45725450541266,4.0
1452,History,52.591176841121346,41.47521498752809,2.8649957566602637,9.982426699684204,8,97.9009221672683,80.03274023165086,1.8441907417746473
1453,History,66.83021390969603,41.327413091739835,2.623632266170519,24.01467927403751,5,55.05358274146615,86.62295713910537,2.0231439423709734
1454,History,56.72073384694871,59.41661314897247,3.012283725680488,6.891110382713238,0,80.56157728315284,91.73217841949133,2.4426181993451808
1455,English,53.168748523638385,69.31859142427994,2.8790233772658205,38.29568543451187,6,82.39779219272258,58.83252980334823,2.7395210456153616
1456,Chemistry,99.49801161949726,86.22444506846759,2.211329368523488,46.31344484896178,6,76.60044502476914,72.28136232183418,3.818882879577547
1457,History,66.11769224873615,80.9977225963903,3.2816526293804125,17.601679829772024,9,58.77444365281889,90.40648470635199,3.1218489034957453
1458,Computer Science,90.49372229273175,66.7541623826049,2.432076365019199,43.62537545596044,9,56.265775225843946,99.36706785790338,3.434958084236366
1459,Chemistry,62.732032738188195,56.41759997689995,3.239175909795659,18.1498203707854,3,75.86009696216219,93.37115866262579,2.5575394573555794
1460,Chemistry,84.07513611119646,99.82747000946267,3.3004021847963068,45.98465727397618,7,91.9657380167015,62.28803575746261,3.852654462943403
1461,Physics,88.01139299448432,65.57087813415838,2.304049706257296,38.92828566185528,5,96.80402373540373,51.709991033119024,3.4030158685285095
1462,English,79.78193703039221,67.08322145978053,2.1226992542213363,41.220804957864736,3,46.35434826422546,69.36355224439532,3.308826767376566
1463,History,73.57880942750792,49.81742927150015,3.5615231721368796,5.810295002020452,3,49.28971675586319,84.49848711016253,2.8884554087924736
1464,Mathematics,70.59204570736343,87.68857292499575,2.91960084753864,48.326466068331165,1,96.68417552698477,69.55414424519785,3.201698342716249
1465,Biology,67.44341332714977,81.62093354688932,2.1163275910109514,37.700194643164544,1,84.19211370008756,68.9908517988201,2.6449511587725127
1466,Economics,96.4764572123913,53.24617676732562,3.9897326343395343,18.713799292376,3,92.97962948978639,90.29382526490804,3.7906001158360927
1467,Computer Science,91.53097038938645,44.94286273695056,2.1155611219927333,42.32275991864811,4,52.15795804812059,61.68422674403118,3.0348904088034026
1468,Mathematics,98.25134553332563,80.82995812448279,3.3900704577171066,17.66845392867185,7,75.25515226656411,91.58768048869874,4.0
1469,English,56.21486117427724,79.27067285686812,3.9673578505268274,44.27392278047576,5,82.06837566504842,64.40828805710342,3.0473628741606595
1470,Biology,86.54337376018222,56.395571619892564,2.4783602084318512,10.066117568537166,3,80.80671312681835,59.69398634070036,2.9696508435858293
1471,English,96.91702284105189,97.05181373502462,2.2844987373743924,36.66586898573581,10,64.48910145200189,67.23939467198194,3.8361754550922864
1472,Computer Science,59.061653308283006,49.06347350685401,2.242769878844858,29.331431449020965,6,40.92369350147851,85.7468175204921,2.130831070417279
1473,Chemistry,53.32481336833887,65.94008806255611,2.6065502951351913,9.344051158794837,7,74.9755634082558,47.56012167183965,2.4181924663116714
1474,Biology,87.05603246450295,96.61695521005593,2.2020916220212934,15.885222271647754,1,55.186092350776526,51.78515295232104,3.5682456794553694
1475,Chemistry,78.7236556589956,65.18363901556734,3.384322683388264,5.558181632479165,6,67.01525476857341,97.08668953978551,3.5095334909046834
1476,Computer Science,92.0914388379136,78.31155685984513,2.124583596260125,26.094558445902763,1,97.45486090502904,50.52949764288144,3.6470184377999586
1477,Mathematics,56.988618831314476,63.855663877767654,3.0188442562995794,18.556936734200015,1,63.94211905854608,74.06363907586328,2.6846219978747636
1478,Computer Science,89.76336559299452,56.452912140920205,3.9933937077059536,31.926086793399147,7,90.3880963998656,74.75886799971627,3.4125987398785522
1479,Mathematics,60.08136600238723,99.0386588775897,3.6279405390120374,18.375701346887773,1,51.31243634495507,69.37746772301469,3.2557839688848365
1480,Biology,58.18279714328523,64.56004037890258,3.2304388764620215,18.49636001781431,10,80.34762988150173,78.68471491460912,2.5665792673607286
1481,Biology,58.21328989654965,93.64595222074806,2.6125072415732236,38.44369394292215,8,98.6204172663366,53.789603547857105,3.06449856722606
1482,History,90.72873601156911,53.79727635346517,3.247791672583277,7.166427619025905,0,46.113586052376206,73.15973606660489,3.63426435191209
1483,English,83.25986103481,52.786282241505,3.0540829278233033,45.63027478363943,8,40.49919653363152,62.33039531481383,3.165344406537239
1484,History,76.15327123845597,41.86804497307068,2.852166767780743,43.351874347603164,0,66.01496755795687,79.70003557775135,2.5266866152185528
1485,English,67.94152420617513,79.10000952255311,2.261420753480399,35.05121074518829,9,45.55752898308203,48.47341260238897,2.731462596611702
1486,History,93.86002704065541,62.11158062342567,3.7732084304809335,31.694970654832293,9,84.90306098057388,74.25264501036858,3.970213697713803
1487,Chemistry,69.62225537113177,91.86149499037822,2.8995692976426453,45.15361241628435,1,94.87291983091353,51.11622132299942,3.2411602514527393
1488,Biology,90.82997197357886,68.39259440149343,2.3892450236415304,13.33985807879215,5,66.04125836252553,56.71858378690219,3.6470311819789574
1489,Mathematics,71.95674542851091,98.09160567488331,2.7355187017545792,8.553612298587288,5,55.52269852932646,53.12258801941499,3.489984361651015
1490,English,68.84722147124538,51.13153094218727,2.8282595050578543,15.777957645929215,0,66.06419914039658,50.970266792129024,2.7593368967831124
1491,Computer Science,73.13398928348032,92.11739007733664,3.655075791133749,40.756022541508564,6,83.40686907100006,89.54265709364002,3.827306319002029
1492,English,65.0688937082071,86.59581116750451,3.4672287611228043,6.560162002691749,7,40.54324969482226,57.14245405965342,3.2924001757462613
1493,Mathematics,87.38046900881255,86.25531067864313,3.5386097872826796,31.226307578757034,1,75.36723936908183,95.62742691186696,3.922090544226081
1494,History,75.13601950462396,90.68699368701326,2.0220625288572944,49.79468822860895,7,76.79750109324274,98.19559152071145,3.2136395458756257
1495,English,61.61063475734086,85.66143945657993,2.832307996359523,43.50632422268927,8,78.26129481375614,74.27562819622584,3.0619344444159253
1496,Economics,94.97872866372842,77.57321929788492,2.9626883032706472,28.465056006961525,5,54.52132479885263,48.580067359943584,3.8980362359741956
1497,Chemistry,69.19456106866056,47.87469266094325,2.0383845536461136,7.863840917898905,4,82.84316340268761,62.47289460277487,2.1383599724882614
1498,Biology,77.17764305569943,41.95157076947511,2.5196264174900684,42.41180814735694,8,45.483489179906584,87.86393580089285,2.47068612303241
1499,Mathematics,95.32360554822735,95.2508708689412,3.5205796462442702,31.954032867974476,10,51.95622018800805,62.04344372182423,4.0
1500,Biology,81.21189979569961,76.99901887124429,2.274219411457998,10.171984867680507,8,92.64820279926892,45.221033098167325,2.9302536795254315
